{
  "version": 1,
  "author": "Sivaguru Mudaliar",
  "editor": "wokwi",
  "parts": [
    { "type": "wokwi-breadboard-half", "id": "bb1", "top": 25.8, "left": 300.4, "attrs": {} },
    { "type": "wokwi-arduino-uno", "id": "uno", "top": 269.4, "left": 364.2, "attrs": {} },
    {
      "type": "wokwi-lcd1602",
      "id": "lcd1",
      "top": 697.6,
      "left": 562.4,
      "attrs": { "pins": "i2c" }
    },
    { "type": "wokwi-servo", "id": "servo1", "top": 554.8, "left": 576, "attrs": {} },
    { "type": "wokwi-photoresistor-sensor", "id": "ldr1", "top": 636.8, "left": 404, "attrs": {} },
    {
      "type": "wokwi-photoresistor-sensor",
      "id": "ldr2",
      "top": 636.8,
      "left": 797.6,
      "attrs": {}
    }
  ],
  "connections": [
    [ "uno:GND.1", "bb1:bn.8", "black", [ "v0" ] ],
    [ "uno:5V", "bb1:bp.5", "red", [ "v9.5", "h-188.2", "v-268.8", "h104" ] ],
    [ "lcd1:SCL", "uno:A5.2", "yellow", [ "h-19.2", "v0.3", "h-48" ] ],
    [ "lcd1:SDA", "uno:A4.2", "white", [ "h-38.4", "v0.2", "h-18.8" ] ],
    [ "lcd1:VCC", "bb1:bp.6", "red", [ "h-28.8", "v0.1", "h-40" ] ],
    [ "lcd1:GND", "bb1:bn.1", "black", [ "h-249.6", "v-421.1" ] ],
    [ "bb1:bp.25", "bb1:tp.25", "red", [ "v0" ] ],
    [ "bb1:bn.23", "bb1:tn.23", "black", [ "v0" ] ],
    [ "servo1:GND", "bb1:tn.16", "black", [ "h0" ] ],
    [ "servo1:V+", "bb1:tp.17", "red", [ "h0" ] ],
    [ "servo1:PWM", "uno:9", "white", [ "h-9.6", "v0.2", "h-77.6" ] ],
    [ "ldr2:VCC", "bb1:bp.8", "red", [ "h67.2", "v-316.8", "h57.6" ] ],
    [ "ldr1:VCC", "bb1:bp.10", "red", [ "h57.6", "v-201.6", "h57.6" ] ],
    [ "ldr1:GND", "bb1:bn.11", "black", [ "h28.8", "v-230.8", "h278.4", "v96" ] ],
    [ "ldr2:GND", "bb1:bn.13", "black", [ "h96", "v-384.4", "h9.6" ] ],
    [ "ldr1:DO", "uno:A0", "magenta", [ "h105.6", "v143.4", "h249.6", "v-19.2" ] ],
    [ "ldr2:DO", "uno:A1", "gray", [ "h76.8", "v18.6", "h288" ] ]
  ],
  "dependencies": {}
}